{"cameraMode":{"drawMode":0,"name":"Shaded","section":"Shading Mode"},"sceneLighting":false,"audioPlay":false,"sceneViewState":{"m_AlwaysRefresh":false,"showFog":true,"showSkybox":false,"showFlares":true,"showImageEffects":true,"showParticleSystems":true,"showVisualEffectGraphs":true,"m_FxEnabled":true},"in2DMode":false,"pivot":{"x":32.73186492919922,"y":0.4206967055797577,"z":46.64986801147461},"rotation":{"x":-0.05600064620375633,"y":0.8635104894638062,"z":-0.09834542870521546,"w":-0.49153414368629458},"size":0.22045131027698518,"orthographic":false}