{"cameraMode":{"drawMode":0,"name":"Shaded","section":"Shading Mode"},"sceneLighting":true,"audioPlay":false,"sceneViewState":{"m_AlwaysRefresh":false,"showFog":true,"showSkybox":true,"showFlares":true,"showImageEffects":true,"showParticleSystems":true,"showVisualEffectGraphs":true,"m_FxEnabled":true},"in2DMode":false,"pivot":{"x":27.523731231689454,"y":-17.711681365966798,"z":14.464433670043946},"rotation":{"x":0.11596520990133286,"y":-0.8835599422454834,"z":0.30441951751708987,"w":0.3365117311477661},"size":22.219877243041993,"orthographic":false}